Thu Aug 17 22:13:53 IST 2017,bharti_cse,10.208.20.0/22,151
Thu Aug 17 22:44:58 IST 2017,bharti_cse,10.208.20.0/22,161
Thu Aug 17 23:16:11 IST 2017,bharti_cse,10.208.20.0/22,156
Thu Aug 17 23:46:52 IST 2017,bharti_cse,10.208.20.0/22,150
Fri Aug 18 00:17:31 IST 2017,bharti_cse,10.208.20.0/22,160
Fri Aug 18 00:48:13 IST 2017,bharti_cse,10.208.20.0/22,166
Fri Aug 18 01:18:54 IST 2017,bharti_cse,10.208.20.0/22,131
Fri Aug 18 01:49:29 IST 2017,bharti_cse,10.208.20.0/22,151
Fri Aug 18 02:20:26 IST 2017,bharti_cse,10.208.20.0/22,148
Fri Aug 18 02:51:01 IST 2017,bharti_cse,10.208.20.0/22,151
Fri Aug 18 03:21:34 IST 2017,bharti_cse,10.208.20.0/22,154
Fri Aug 18 03:52:13 IST 2017,bharti_cse,10.208.20.0/22,148
Fri Aug 18 04:22:46 IST 2017,bharti_cse,10.208.20.0/22,137
Fri Aug 18 04:53:22 IST 2017,bharti_cse,10.208.20.0/22,146
Fri Aug 18 05:24:08 IST 2017,bharti_cse,10.208.20.0/22,160
Fri Aug 18 05:54:40 IST 2017,bharti_cse,10.208.20.0/22,141
Fri Aug 18 06:25:13 IST 2017,bharti_cse,10.208.20.0/22,157
Fri Aug 18 06:55:44 IST 2017,bharti_cse,10.208.20.0/22,140
Fri Aug 18 07:26:35 IST 2017,bharti_cse,10.208.20.0/22,161
Fri Aug 18 07:57:04 IST 2017,bharti_cse,10.208.20.0/22,136
Fri Aug 18 08:28:24 IST 2017,bharti_cse,10.208.20.0/22,154
Fri Aug 18 08:59:01 IST 2017,bharti_cse,10.208.20.0/22,160
Fri Aug 18 09:29:56 IST 2017,bharti_cse,10.208.20.0/22,165
Fri Aug 18 10:00:23 IST 2017,bharti_cse,10.208.20.0/22,135
Fri Aug 18 10:30:53 IST 2017,bharti_cse,10.208.20.0/22,143
Fri Aug 18 11:01:24 IST 2017,bharti_cse,10.208.20.0/22,152
Fri Aug 18 11:31:53 IST 2017,bharti_cse,10.208.20.0/22,142
Fri Aug 18 12:03:20 IST 2017,bharti_cse,10.208.20.0/22,160
Fri Aug 18 12:33:49 IST 2017,bharti_cse,10.208.20.0/22,137
Fri Aug 18 13:04:32 IST 2017,bharti_cse,10.208.20.0/22,177
Fri Aug 18 13:35:05 IST 2017,bharti_cse,10.208.20.0/22,151
Fri Aug 18 14:05:38 IST 2017,bharti_cse,10.208.20.0/22,145
Fri Aug 18 14:36:26 IST 2017,bharti_cse,10.208.20.0/22,153
Fri Aug 18 15:07:27 IST 2017,bharti_cse,10.208.20.0/22,154
Fri Aug 18 15:38:27 IST 2017,bharti_cse,10.208.20.0/22,153
Fri Aug 18 16:09:08 IST 2017,bharti_cse,10.208.20.0/22,155
Fri Aug 18 16:39:48 IST 2017,bharti_cse,10.208.20.0/22,162
Fri Aug 18 17:10:14 IST 2017,bharti_cse,10.208.20.0/22,148
Fri Aug 18 17:40:49 IST 2017,bharti_cse,10.208.20.0/22,137
Fri Aug 18 18:12:03 IST 2017,bharti_cse,10.208.20.0/22,154
Fri Aug 18 18:42:28 IST 2017,bharti_cse,10.208.20.0/22,122
Fri Aug 18 19:13:14 IST 2017,bharti_cse,10.208.20.0/22,159
Fri Aug 18 19:44:16 IST 2017,bharti_cse,10.208.20.0/22,157
Fri Aug 18 20:15:11 IST 2017,bharti_cse,10.208.20.0/22,168
Fri Aug 18 20:45:53 IST 2017,bharti_cse,10.208.20.0/22,166
Fri Aug 18 21:16:23 IST 2017,bharti_cse,10.208.20.0/22,140
Fri Aug 18 21:46:55 IST 2017,bharti_cse,10.208.20.0/22,140
Fri Aug 18 22:17:27 IST 2017,bharti_cse,10.208.20.0/22,134
Fri Aug 18 22:48:23 IST 2017,bharti_cse,10.208.20.0/22,131
Fri Aug 18 23:19:19 IST 2017,bharti_cse,10.208.20.0/22,171
Fri Aug 18 23:49:49 IST 2017,bharti_cse,10.208.20.0/22,146
Sat Aug 19 00:20:32 IST 2017,bharti_cse,10.208.20.0/22,166
Sat Aug 19 00:51:19 IST 2017,bharti_cse,10.208.20.0/22,163
Sat Aug 19 01:21:58 IST 2017,bharti_cse,10.208.20.0/22,127
Sat Aug 19 01:52:39 IST 2017,bharti_cse,10.208.20.0/22,147
Sat Aug 19 02:23:43 IST 2017,bharti_cse,10.208.20.0/22,163
Sat Aug 19 02:55:51 IST 2017,bharti_cse,10.208.20.0/22,158
Sat Aug 19 03:31:03 IST 2017,bharti_cse,10.208.20.0/22,152
Sat Aug 19 04:03:07 IST 2017,bharti_cse,10.208.20.0/22,151
Sat Aug 19 04:34:35 IST 2017,bharti_cse,10.208.20.0/22,140
Sat Aug 19 05:06:37 IST 2017,bharti_cse,10.208.20.0/22,154
Sat Aug 19 05:38:01 IST 2017,bharti_cse,10.208.20.0/22,140
Sat Aug 19 06:09:30 IST 2017,bharti_cse,10.208.20.0/22,143
Sat Aug 19 06:41:30 IST 2017,bharti_cse,10.208.20.0/22,140
Sat Aug 19 07:12:23 IST 2017,bharti_cse,10.208.20.0/22,135
Sat Aug 19 07:44:25 IST 2017,bharti_cse,10.208.20.0/22,147
Sat Aug 19 08:16:38 IST 2017,bharti_cse,10.208.20.0/22,143
Sat Aug 19 08:48:51 IST 2017,bharti_cse,10.208.20.0/22,162
Sat Aug 19 09:21:32 IST 2017,bharti_cse,10.208.20.0/22,178
Sat Aug 19 09:52:30 IST 2017,bharti_cse,10.208.20.0/22,168
Sat Aug 19 10:23:11 IST 2017,bharti_cse,10.208.20.0/22,149
Sat Aug 19 10:53:53 IST 2017,bharti_cse,10.208.20.0/22,138
Sat Aug 19 11:25:55 IST 2017,bharti_cse,10.208.20.0/22,154
Sat Aug 19 11:56:51 IST 2017,bharti_cse,10.208.20.0/22,147
Sat Aug 19 12:27:26 IST 2017,bharti_cse,10.208.20.0/22,134
Sat Aug 19 12:59:44 IST 2017,bharti_cse,10.208.20.0/22,139
Sat Aug 19 13:30:08 IST 2017,bharti_cse,10.208.20.0/22,147
Sat Aug 19 14:00:32 IST 2017,bharti_cse,10.208.20.0/22,152
Sat Aug 19 14:31:02 IST 2017,bharti_cse,10.208.20.0/22,158
Sat Aug 19 15:01:33 IST 2017,bharti_cse,10.208.20.0/22,130
Sat Aug 19 15:32:07 IST 2017,bharti_cse,10.208.20.0/22,161
Sat Aug 19 16:02:40 IST 2017,bharti_cse,10.208.20.0/22,171
Sat Aug 19 16:33:17 IST 2017,bharti_cse,10.208.20.0/22,166
Sat Aug 19 17:03:47 IST 2017,bharti_cse,10.208.20.0/22,148
Sat Aug 19 17:34:22 IST 2017,bharti_cse,10.208.20.0/22,163
Sat Aug 19 18:05:24 IST 2017,bharti_cse,10.208.20.0/22,158
Sat Aug 19 18:36:08 IST 2017,bharti_cse,10.208.20.0/22,152
Sat Aug 19 19:06:34 IST 2017,bharti_cse,10.208.20.0/22,159
Sat Aug 19 19:37:04 IST 2017,bharti_cse,10.208.20.0/22,158
Sat Aug 19 20:07:34 IST 2017,bharti_cse,10.208.20.0/22,163
Sat Aug 19 20:37:57 IST 2017,bharti_cse,10.208.20.0/22,128
Sat Aug 19 21:08:34 IST 2017,bharti_cse,10.208.20.0/22,128
Sat Aug 19 21:39:07 IST 2017,bharti_cse,10.208.20.0/22,142
Sat Aug 19 22:09:35 IST 2017,bharti_cse,10.208.20.0/22,148
Sat Aug 19 22:40:36 IST 2017,bharti_cse,10.208.20.0/22,161
Sat Aug 19 23:11:49 IST 2017,bharti_cse,10.208.20.0/22,168
Sat Aug 19 23:42:22 IST 2017,bharti_cse,10.208.20.0/22,153
Sun Aug 20 00:12:50 IST 2017,bharti_cse,10.208.20.0/22,144
Sun Aug 20 00:43:27 IST 2017,bharti_cse,10.208.20.0/22,154
Sun Aug 20 01:14:07 IST 2017,bharti_cse,10.208.20.0/22,151
Sun Aug 20 01:45:08 IST 2017,bharti_cse,10.208.20.0/22,142
Sun Aug 20 02:15:47 IST 2017,bharti_cse,10.208.20.0/22,152
Sun Aug 20 02:46:13 IST 2017,bharti_cse,10.208.20.0/22,133
Sun Aug 20 03:16:45 IST 2017,bharti_cse,10.208.20.0/22,161
Sun Aug 20 03:47:24 IST 2017,bharti_cse,10.208.20.0/22,163
Sun Aug 20 04:17:49 IST 2017,bharti_cse,10.208.20.0/22,144
Sun Aug 20 04:48:33 IST 2017,bharti_cse,10.208.20.0/22,164
Sun Aug 20 05:19:17 IST 2017,bharti_cse,10.208.20.0/22,160
Sun Aug 20 05:51:24 IST 2017,bharti_cse,10.208.20.0/22,174
Sun Aug 20 06:23:24 IST 2017,bharti_cse,10.208.20.0/22,149
Sun Aug 20 06:55:32 IST 2017,bharti_cse,10.208.20.0/22,153
Sun Aug 20 07:27:36 IST 2017,bharti_cse,10.208.20.0/22,148
Sun Aug 20 07:59:41 IST 2017,bharti_cse,10.208.20.0/22,149
Sun Aug 20 08:30:26 IST 2017,bharti_cse,10.208.20.0/22,170
Sun Aug 20 09:01:03 IST 2017,bharti_cse,10.208.20.0/22,169
Sun Aug 20 09:31:56 IST 2017,bharti_cse,10.208.20.0/22,145
Sun Aug 20 10:02:24 IST 2017,bharti_cse,10.208.20.0/22,145
Sun Aug 20 10:32:55 IST 2017,bharti_cse,10.208.20.0/22,143
Sun Aug 20 11:03:31 IST 2017,bharti_cse,10.208.20.0/22,169
Sun Aug 20 11:33:58 IST 2017,bharti_cse,10.208.20.0/22,142
Sun Aug 20 12:04:31 IST 2017,bharti_cse,10.208.20.0/22,157
Sun Aug 20 12:34:54 IST 2017,bharti_cse,10.208.20.0/22,146
Sun Aug 20 13:05:23 IST 2017,bharti_cse,10.208.20.0/22,133
Sun Aug 20 13:36:03 IST 2017,bharti_cse,10.208.20.0/22,173
Sun Aug 20 14:06:40 IST 2017,bharti_cse,10.208.20.0/22,145
Sun Aug 20 14:37:22 IST 2017,bharti_cse,10.208.20.0/22,162
Sun Aug 20 15:08:01 IST 2017,bharti_cse,10.208.20.0/22,160
Sun Aug 20 15:38:34 IST 2017,bharti_cse,10.208.20.0/22,166
Sun Aug 20 16:09:01 IST 2017,bharti_cse,10.208.20.0/22,163
Sun Aug 20 16:39:32 IST 2017,bharti_cse,10.208.20.0/22,112
Sun Aug 20 17:10:13 IST 2017,bharti_cse,10.208.20.0/22,146
Sun Aug 20 17:40:54 IST 2017,bharti_cse,10.208.20.0/22,156
Sun Aug 20 18:11:43 IST 2017,bharti_cse,10.208.20.0/22,144
Sun Aug 20 18:42:40 IST 2017,bharti_cse,10.208.20.0/22,133
Sun Aug 20 19:13:02 IST 2017,bharti_cse,10.208.20.0/22,147
Sun Aug 20 19:43:36 IST 2017,bharti_cse,10.208.20.0/22,152
Sun Aug 20 20:14:02 IST 2017,bharti_cse,10.208.20.0/22,145
Sun Aug 20 20:44:38 IST 2017,bharti_cse,10.208.20.0/22,158
Sun Aug 20 21:15:15 IST 2017,bharti_cse,10.208.20.0/22,146
Sun Aug 20 21:45:51 IST 2017,bharti_cse,10.208.20.0/22,150
Sun Aug 20 22:16:20 IST 2017,bharti_cse,10.208.20.0/22,127
Sun Aug 20 22:47:35 IST 2017,bharti_cse,10.208.20.0/22,177
Sun Aug 20 23:18:08 IST 2017,bharti_cse,10.208.20.0/22,150
Sun Aug 20 23:48:36 IST 2017,bharti_cse,10.208.20.0/22,133
Mon Aug 21 00:19:11 IST 2017,bharti_cse,10.208.20.0/22,163
Mon Aug 21 00:49:50 IST 2017,bharti_cse,10.208.20.0/22,125
Mon Aug 21 01:20:37 IST 2017,bharti_cse,10.208.20.0/22,157
Mon Aug 21 01:51:23 IST 2017,bharti_cse,10.208.20.0/22,147
Mon Aug 21 02:22:10 IST 2017,bharti_cse,10.208.20.0/22,162
Mon Aug 21 02:53:07 IST 2017,bharti_cse,10.208.20.0/22,154
Mon Aug 21 03:24:05 IST 2017,bharti_cse,10.208.20.0/22,140
Mon Aug 21 03:54:35 IST 2017,bharti_cse,10.208.20.0/22,136
Mon Aug 21 04:25:11 IST 2017,bharti_cse,10.208.20.0/22,164
Mon Aug 21 04:57:08 IST 2017,bharti_cse,10.208.20.0/22,158
Mon Aug 21 05:28:46 IST 2017,bharti_cse,10.208.20.0/22,162
Mon Aug 21 06:01:10 IST 2017,bharti_cse,10.208.20.0/22,183
Mon Aug 21 06:32:32 IST 2017,bharti_cse,10.208.20.0/22,138
Mon Aug 21 07:04:07 IST 2017,bharti_cse,10.208.20.0/22,170
Mon Aug 21 07:34:40 IST 2017,bharti_cse,10.208.20.0/22,148
Mon Aug 21 08:06:41 IST 2017,bharti_cse,10.208.20.0/22,146
Mon Aug 21 08:37:22 IST 2017,bharti_cse,10.208.20.0/22,146
Mon Aug 21 09:08:12 IST 2017,bharti_cse,10.208.20.0/22,167
Mon Aug 21 09:38:41 IST 2017,bharti_cse,10.208.20.0/22,137
Mon Aug 21 10:09:07 IST 2017,bharti_cse,10.208.20.0/22,130
Mon Aug 21 10:40:33 IST 2017,bharti_cse,10.208.20.0/22,145
Mon Aug 21 11:11:01 IST 2017,bharti_cse,10.208.20.0/22,134
Mon Aug 21 11:41:40 IST 2017,bharti_cse,10.208.20.0/22,149
Mon Aug 21 12:12:12 IST 2017,bharti_cse,10.208.20.0/22,165
Mon Aug 21 12:42:45 IST 2017,bharti_cse,10.208.20.0/22,129
Mon Aug 21 13:13:20 IST 2017,bharti_cse,10.208.20.0/22,175
Mon Aug 21 13:44:01 IST 2017,bharti_cse,10.208.20.0/22,174
Mon Aug 21 14:14:39 IST 2017,bharti_cse,10.208.20.0/22,182
Mon Aug 21 14:45:13 IST 2017,bharti_cse,10.208.20.0/22,156
Mon Aug 21 15:15:39 IST 2017,bharti_cse,10.208.20.0/22,151
Mon Aug 21 15:46:06 IST 2017,bharti_cse,10.208.20.0/22,142
Mon Aug 21 16:17:14 IST 2017,bharti_cse,10.208.20.0/22,168
Mon Aug 21 16:47:48 IST 2017,bharti_cse,10.208.20.0/22,144
Mon Aug 21 17:18:18 IST 2017,bharti_cse,10.208.20.0/22,159
Mon Aug 21 17:48:51 IST 2017,bharti_cse,10.208.20.0/22,160
Mon Aug 21 18:19:22 IST 2017,bharti_cse,10.208.20.0/22,144
Mon Aug 21 18:49:56 IST 2017,bharti_cse,10.208.20.0/22,138
Mon Aug 21 19:20:56 IST 2017,bharti_cse,10.208.20.0/22,160
Mon Aug 21 19:52:07 IST 2017,bharti_cse,10.208.20.0/22,130
Mon Aug 21 20:22:32 IST 2017,bharti_cse,10.208.20.0/22,134
