Thu Aug 17 22:13:36 IST 2017,jwala_sw,10.203.3.0/24,14
Thu Aug 17 22:44:25 IST 2017,jwala_sw,10.203.3.0/24,14
Thu Aug 17 23:15:50 IST 2017,jwala_sw,10.203.3.0/24,14
Thu Aug 17 23:46:35 IST 2017,jwala_sw,10.203.3.0/24,14
Fri Aug 18 00:17:14 IST 2017,jwala_sw,10.203.3.0/24,14
Fri Aug 18 00:47:53 IST 2017,jwala_sw,10.203.3.0/24,14
Fri Aug 18 01:18:36 IST 2017,jwala_sw,10.203.3.0/24,14
Fri Aug 18 01:49:16 IST 2017,jwala_sw,10.203.3.0/24,14
Fri Aug 18 02:20:13 IST 2017,jwala_sw,10.203.3.0/24,14
Fri Aug 18 02:50:49 IST 2017,jwala_sw,10.203.3.0/24,14
Fri Aug 18 03:21:15 IST 2017,jwala_sw,10.203.3.0/24,14
Fri Aug 18 03:51:57 IST 2017,jwala_sw,10.203.3.0/24,14
Fri Aug 18 04:22:37 IST 2017,jwala_sw,10.203.3.0/24,14
Fri Aug 18 04:53:10 IST 2017,jwala_sw,10.203.3.0/24,14
Fri Aug 18 05:23:45 IST 2017,jwala_sw,10.203.3.0/24,14
Fri Aug 18 05:54:22 IST 2017,jwala_sw,10.203.3.0/24,14
Fri Aug 18 06:24:57 IST 2017,jwala_sw,10.203.3.0/24,14
Fri Aug 18 06:55:30 IST 2017,jwala_sw,10.203.3.0/24,14
Fri Aug 18 07:26:00 IST 2017,jwala_sw,10.203.3.0/24,14
Fri Aug 18 07:56:52 IST 2017,jwala_sw,10.203.3.0/24,14
Fri Aug 18 08:28:05 IST 2017,jwala_sw,10.203.3.0/24,14
Fri Aug 18 08:58:48 IST 2017,jwala_sw,10.203.3.0/24,14
Fri Aug 18 09:29:15 IST 2017,jwala_sw,10.203.3.0/24,14
Fri Aug 18 10:00:16 IST 2017,jwala_sw,10.203.3.0/24,14
Fri Aug 18 10:30:41 IST 2017,jwala_sw,10.203.3.0/24,14
Fri Aug 18 11:01:10 IST 2017,jwala_sw,10.203.3.0/24,14
Fri Aug 18 11:31:45 IST 2017,jwala_sw,10.203.3.0/24,14
Fri Aug 18 12:02:43 IST 2017,jwala_sw,10.203.3.0/24,14
Fri Aug 18 12:33:37 IST 2017,jwala_sw,10.203.3.0/24,14
Fri Aug 18 13:04:06 IST 2017,jwala_sw,10.203.3.0/24,14
Fri Aug 18 13:34:52 IST 2017,jwala_sw,10.203.3.0/24,14
Fri Aug 18 14:05:23 IST 2017,jwala_sw,10.203.3.0/24,14
Fri Aug 18 14:36:09 IST 2017,jwala_sw,10.203.3.0/24,14
Fri Aug 18 15:06:44 IST 2017,jwala_sw,10.203.3.0/24,14
Fri Aug 18 15:38:15 IST 2017,jwala_sw,10.203.3.0/24,14
Fri Aug 18 16:08:55 IST 2017,jwala_sw,10.203.3.0/24,14
Fri Aug 18 16:39:23 IST 2017,jwala_sw,10.203.3.0/24,14
Fri Aug 18 17:10:04 IST 2017,jwala_sw,10.203.3.0/24,14
Fri Aug 18 17:40:38 IST 2017,jwala_sw,10.203.3.0/24,14
Fri Aug 18 18:11:36 IST 2017,jwala_sw,10.203.3.0/24,14
Fri Aug 18 18:42:18 IST 2017,jwala_sw,10.203.3.0/24,14
Fri Aug 18 19:12:50 IST 2017,jwala_sw,10.203.3.0/24,14
Fri Aug 18 19:43:52 IST 2017,jwala_sw,10.203.3.0/24,14
Fri Aug 18 20:14:27 IST 2017,jwala_sw,10.203.3.0/24,14
Fri Aug 18 20:45:36 IST 2017,jwala_sw,10.203.3.0/24,14
Fri Aug 18 21:16:10 IST 2017,jwala_sw,10.203.3.0/24,14
Fri Aug 18 21:46:42 IST 2017,jwala_sw,10.203.3.0/24,14
Fri Aug 18 22:17:20 IST 2017,jwala_sw,10.203.3.0/24,14
Fri Aug 18 22:48:13 IST 2017,jwala_sw,10.203.3.0/24,14
Fri Aug 18 23:18:56 IST 2017,jwala_sw,10.203.3.0/24,14
Fri Aug 18 23:49:31 IST 2017,jwala_sw,10.203.3.0/24,14
Sat Aug 19 00:20:04 IST 2017,jwala_sw,10.203.3.0/24,14
Sat Aug 19 00:51:00 IST 2017,jwala_sw,10.203.3.0/24,14
Sat Aug 19 01:21:48 IST 2017,jwala_sw,10.203.3.0/24,14
Sat Aug 19 01:52:22 IST 2017,jwala_sw,10.203.3.0/24,14
Sat Aug 19 02:23:02 IST 2017,jwala_sw,10.203.3.0/24,14
Sat Aug 19 02:55:33 IST 2017,jwala_sw,10.203.3.0/24,14
Sat Aug 19 03:30:45 IST 2017,jwala_sw,10.203.3.0/24,14
Sat Aug 19 04:02:53 IST 2017,jwala_sw,10.203.3.0/24,14
Sat Aug 19 04:34:07 IST 2017,jwala_sw,10.203.3.0/24,14
Sat Aug 19 05:06:25 IST 2017,jwala_sw,10.203.3.0/24,14
Sat Aug 19 05:37:47 IST 2017,jwala_sw,10.203.3.0/24,14
Sat Aug 19 06:09:11 IST 2017,jwala_sw,10.203.3.0/24,14
Sat Aug 19 06:41:21 IST 2017,jwala_sw,10.203.3.0/24,14
Sat Aug 19 07:12:14 IST 2017,jwala_sw,10.203.3.0/24,14
Sat Aug 19 07:44:13 IST 2017,jwala_sw,10.203.3.0/24,14
Sat Aug 19 08:16:14 IST 2017,jwala_sw,10.203.3.0/24,14
Sat Aug 19 08:48:28 IST 2017,jwala_sw,10.203.3.0/24,14
Sat Aug 19 09:20:40 IST 2017,jwala_sw,10.203.3.0/24,14
Sat Aug 19 09:52:11 IST 2017,jwala_sw,10.203.3.0/24,14
Sat Aug 19 10:22:52 IST 2017,jwala_sw,10.203.3.0/24,14
Sat Aug 19 10:53:41 IST 2017,jwala_sw,10.203.3.0/24,14
Sat Aug 19 11:25:42 IST 2017,jwala_sw,10.203.3.0/24,14
Sat Aug 19 11:56:35 IST 2017,jwala_sw,10.203.3.0/24,14
Sat Aug 19 12:27:17 IST 2017,jwala_sw,10.203.3.0/24,14
Sat Aug 19 12:59:17 IST 2017,jwala_sw,10.203.3.0/24,14
Sat Aug 19 13:29:54 IST 2017,jwala_sw,10.203.3.0/24,14
Sat Aug 19 14:00:20 IST 2017,jwala_sw,10.203.3.0/24,14
Sat Aug 19 14:30:48 IST 2017,jwala_sw,10.203.3.0/24,14
Sat Aug 19 15:01:22 IST 2017,jwala_sw,10.203.3.0/24,14
Sat Aug 19 15:31:56 IST 2017,jwala_sw,10.203.3.0/24,14
Sat Aug 19 16:02:22 IST 2017,jwala_sw,10.203.3.0/24,14
Sat Aug 19 16:33:02 IST 2017,jwala_sw,10.203.3.0/24,14
Sat Aug 19 17:03:36 IST 2017,jwala_sw,10.203.3.0/24,14
Sat Aug 19 17:34:05 IST 2017,jwala_sw,10.203.3.0/24,14
Sat Aug 19 18:04:58 IST 2017,jwala_sw,10.203.3.0/24,14
Sat Aug 19 18:35:35 IST 2017,jwala_sw,10.203.3.0/24,14
Sat Aug 19 19:06:21 IST 2017,jwala_sw,10.203.3.0/24,14
Sat Aug 19 19:36:46 IST 2017,jwala_sw,10.203.3.0/24,14
Sat Aug 19 20:07:21 IST 2017,jwala_sw,10.203.3.0/24,14
Sat Aug 19 20:37:49 IST 2017,jwala_sw,10.203.3.0/24,14
Sat Aug 19 21:08:24 IST 2017,jwala_sw,10.203.3.0/24,14
Sat Aug 19 21:38:52 IST 2017,jwala_sw,10.203.3.0/24,14
Sat Aug 19 22:09:25 IST 2017,jwala_sw,10.203.3.0/24,14
Sat Aug 19 22:40:00 IST 2017,jwala_sw,10.203.3.0/24,14
Sat Aug 19 23:10:58 IST 2017,jwala_sw,10.203.3.0/24,14
Sat Aug 19 23:42:11 IST 2017,jwala_sw,10.203.3.0/24,14
Sun Aug 20 00:12:40 IST 2017,jwala_sw,10.203.3.0/24,14
Sun Aug 20 00:43:13 IST 2017,jwala_sw,10.203.3.0/24,14
Sun Aug 20 01:13:51 IST 2017,jwala_sw,10.203.3.0/24,14
Sun Aug 20 01:44:29 IST 2017,jwala_sw,10.203.3.0/24,14
Sun Aug 20 02:15:31 IST 2017,jwala_sw,10.203.3.0/24,14
Sun Aug 20 02:46:05 IST 2017,jwala_sw,10.203.3.0/24,14
Sun Aug 20 03:16:28 IST 2017,jwala_sw,10.203.3.0/24,14
Sun Aug 20 03:47:10 IST 2017,jwala_sw,10.203.3.0/24,14
Sun Aug 20 04:17:39 IST 2017,jwala_sw,10.203.3.0/24,14
Sun Aug 20 04:48:17 IST 2017,jwala_sw,10.203.3.0/24,14
Sun Aug 20 05:18:56 IST 2017,jwala_sw,10.203.3.0/24,14
Sun Aug 20 05:51:08 IST 2017,jwala_sw,10.203.3.0/24,14
Sun Aug 20 06:23:14 IST 2017,jwala_sw,10.203.3.0/24,14
Sun Aug 20 06:55:13 IST 2017,jwala_sw,10.203.3.0/24,14
Sun Aug 20 07:27:22 IST 2017,jwala_sw,10.203.3.0/24,14
Sun Aug 20 07:59:26 IST 2017,jwala_sw,10.203.3.0/24,14
Sun Aug 20 08:30:05 IST 2017,jwala_sw,10.203.3.0/24,14
Sun Aug 20 09:00:48 IST 2017,jwala_sw,10.203.3.0/24,14
Sun Aug 20 09:31:45 IST 2017,jwala_sw,10.203.3.0/24,14
Sun Aug 20 10:02:12 IST 2017,jwala_sw,10.203.3.0/24,14
Sun Aug 20 10:32:42 IST 2017,jwala_sw,10.203.3.0/24,14
Sun Aug 20 11:03:10 IST 2017,jwala_sw,10.203.3.0/24,14
Sun Aug 20 11:33:51 IST 2017,jwala_sw,10.203.3.0/24,14
Sun Aug 20 12:04:17 IST 2017,jwala_sw,10.203.3.0/24,14
Sun Aug 20 12:34:45 IST 2017,jwala_sw,10.203.3.0/24,14
Sun Aug 20 13:05:14 IST 2017,jwala_sw,10.203.3.0/24,14
Sun Aug 20 13:35:44 IST 2017,jwala_sw,10.203.3.0/24,14
Sun Aug 20 14:06:28 IST 2017,jwala_sw,10.203.3.0/24,14
Sun Aug 20 14:37:03 IST 2017,jwala_sw,10.203.3.0/24,14
Sun Aug 20 15:07:45 IST 2017,jwala_sw,10.203.3.0/24,14
Sun Aug 20 15:38:13 IST 2017,jwala_sw,10.203.3.0/24,14
Sun Aug 20 16:08:50 IST 2017,jwala_sw,10.203.3.0/24,14
Sun Aug 20 16:39:17 IST 2017,jwala_sw,10.203.3.0/24,14
Sun Aug 20 17:10:02 IST 2017,jwala_sw,10.203.3.0/24,14
Sun Aug 20 17:40:37 IST 2017,jwala_sw,10.203.3.0/24,14
Sun Aug 20 18:11:30 IST 2017,jwala_sw,10.203.3.0/24,14
Sun Aug 20 18:42:17 IST 2017,jwala_sw,10.203.3.0/24,14
Sun Aug 20 19:12:54 IST 2017,jwala_sw,10.203.3.0/24,14
Sun Aug 20 19:43:18 IST 2017,jwala_sw,10.203.3.0/24,14
Sun Aug 20 20:13:51 IST 2017,jwala_sw,10.203.3.0/24,14
Sun Aug 20 20:44:22 IST 2017,jwala_sw,10.203.3.0/24,14
Sun Aug 20 21:15:03 IST 2017,jwala_sw,10.203.3.0/24,14
Sun Aug 20 21:45:35 IST 2017,jwala_sw,10.203.3.0/24,14
Sun Aug 20 22:16:09 IST 2017,jwala_sw,10.203.3.0/24,14
Sun Aug 20 22:46:46 IST 2017,jwala_sw,10.203.3.0/24,14
Sun Aug 20 23:17:56 IST 2017,jwala_sw,10.203.3.0/24,14
Sun Aug 20 23:48:28 IST 2017,jwala_sw,10.203.3.0/24,14
Mon Aug 21 00:18:58 IST 2017,jwala_sw,10.203.3.0/24,14
Mon Aug 21 00:49:28 IST 2017,jwala_sw,10.203.3.0/24,14
Mon Aug 21 01:20:25 IST 2017,jwala_sw,10.203.3.0/24,14
Mon Aug 21 01:51:11 IST 2017,jwala_sw,10.203.3.0/24,14
Mon Aug 21 02:21:51 IST 2017,jwala_sw,10.203.3.0/24,14
Mon Aug 21 02:52:49 IST 2017,jwala_sw,10.203.3.0/24,14
Mon Aug 21 03:23:54 IST 2017,jwala_sw,10.203.3.0/24,14
Mon Aug 21 03:54:26 IST 2017,jwala_sw,10.203.3.0/24,14
Mon Aug 21 04:24:57 IST 2017,jwala_sw,10.203.3.0/24,14
Mon Aug 21 04:56:52 IST 2017,jwala_sw,10.203.3.0/24,14
Mon Aug 21 05:28:26 IST 2017,jwala_sw,10.203.3.0/24,14
Mon Aug 21 06:00:00 IST 2017,jwala_sw,10.203.3.0/24,14
Mon Aug 21 06:32:21 IST 2017,jwala_sw,10.203.3.0/24,14
Mon Aug 21 07:03:47 IST 2017,jwala_sw,10.203.3.0/24,14
Mon Aug 21 07:34:27 IST 2017,jwala_sw,10.203.3.0/24,14
Mon Aug 21 08:06:30 IST 2017,jwala_sw,10.203.3.0/24,14
Mon Aug 21 08:37:04 IST 2017,jwala_sw,10.203.3.0/24,14
Mon Aug 21 09:07:48 IST 2017,jwala_sw,10.203.3.0/24,14
Mon Aug 21 09:38:30 IST 2017,jwala_sw,10.203.3.0/24,14
Mon Aug 21 10:09:00 IST 2017,jwala_sw,10.203.3.0/24,14
Mon Aug 21 10:40:22 IST 2017,jwala_sw,10.203.3.0/24,14
Mon Aug 21 11:10:51 IST 2017,jwala_sw,10.203.3.0/24,14
Mon Aug 21 11:41:30 IST 2017,jwala_sw,10.203.3.0/24,14
Mon Aug 21 12:11:52 IST 2017,jwala_sw,10.203.3.0/24,14
Mon Aug 21 12:42:25 IST 2017,jwala_sw,10.203.3.0/24,14
Mon Aug 21 13:13:01 IST 2017,jwala_sw,10.203.3.0/24,14
Mon Aug 21 13:43:42 IST 2017,jwala_sw,10.203.3.0/24,14
Mon Aug 21 14:14:17 IST 2017,jwala_sw,10.203.3.0/24,14
Mon Aug 21 14:44:57 IST 2017,jwala_sw,10.203.3.0/24,14
Mon Aug 21 15:15:29 IST 2017,jwala_sw,10.203.3.0/24,14
Mon Aug 21 15:45:54 IST 2017,jwala_sw,10.203.3.0/24,14
Mon Aug 21 16:16:35 IST 2017,jwala_sw,10.203.3.0/24,14
Mon Aug 21 16:47:36 IST 2017,jwala_sw,10.203.3.0/24,14
Mon Aug 21 17:18:02 IST 2017,jwala_sw,10.203.3.0/24,14
Mon Aug 21 17:48:31 IST 2017,jwala_sw,10.203.3.0/24,14
Mon Aug 21 18:19:10 IST 2017,jwala_sw,10.203.3.0/24,14
Mon Aug 21 18:49:44 IST 2017,jwala_sw,10.203.3.0/24,14
Mon Aug 21 19:20:22 IST 2017,jwala_sw,10.203.3.0/24,14
Mon Aug 21 19:51:57 IST 2017,jwala_sw,10.203.3.0/24,14
Mon Aug 21 20:22:22 IST 2017,jwala_sw,10.203.3.0/24,14
